FECHA,Zona,PromDiario,Max,Min,indice,clase
2019-03-01,CE,59.0,125.0,23.0,76.941,Regular
2019-03-01,NE,94.0,215.0,22.0,107.391,Mala
2019-03-01,NO,75.0,193.0,21.0,100.0,Regular
2019-03-01,SE,56.0,111.0,8.0,72.618,Regular
2019-03-01,SO,38.0,85.0,3.0,47.5,Buena
2019-03-02,CE,60.0,109.0,35.0,78.382,Regular
2019-03-02,NE,76.0,184.0,25.0,101.0,Mala
2019-03-02,NO,58.0,138.0,10.0,75.5,Regular
2019-03-02,SE,62.0,104.0,36.0,81.265,Regular
2019-03-02,SO,38.0,65.0,14.0,47.5,Buena
2019-03-03,CE,50.0,83.0,29.0,63.971,Regular
2019-03-03,NE,65.0,132.0,30.0,85.588,Regular
2019-03-03,NO,47.0,116.0,10.0,59.647,Regular
2019-03-03,SE,56.0,113.0,32.0,72.618,Regular
2019-03-03,SO,32.0,75.0,14.0,40.0,Buena
2019-03-04,CE,52.0,93.0,24.0,66.853,Regular
2019-03-04,NE,72.0,180.0,30.0,95.676,Regular
2019-03-04,NO,61.0,123.0,19.0,79.824,Regular
2019-03-04,SE,56.0,79.0,33.0,72.618,Regular
2019-03-04,SO,39.0,81.0,15.0,48.75,Buena
2019-03-05,CE,51.0,90.0,23.0,65.412,Regular
2019-03-05,NE,58.0,101.0,28.0,75.5,Regular
2019-03-05,NO,59.0,123.0,6.0,76.941,Regular
2019-03-05,SE,61.0,116.0,6.0,79.824,Regular
2019-03-05,SO,42.0,77.0,19.0,52.441,Regular
2019-03-06,CE,23.0,42.0,8.0,28.75,Buena
2019-03-06,NE,18.0,35.0,5.0,22.5,Buena
2019-03-06,NO,21.0,54.0,1.0,26.25,Buena
2019-03-06,SE,32.0,66.0,2.0,40.0,Buena
2019-03-06,SO,17.0,48.0,5.0,21.25,Buena
2019-03-07,CE,22.0,68.0,1.0,27.5,Buena
2019-03-07,NE,27.0,69.0,4.0,33.75,Buena
2019-03-07,NO,30.0,57.0,12.0,37.5,Buena
2019-03-07,SE,29.0,72.0,2.0,36.25,Buena
2019-03-07,SO,26.0,55.0,1.0,32.5,Buena
2019-03-08,CE,27.0,58.0,5.0,33.75,Buena
2019-03-08,NE,38.0,143.0,11.0,47.5,Buena
2019-03-08,NO,35.0,116.0,10.0,43.75,Buena
2019-03-08,SE,32.0,73.0,5.0,40.0,Buena
2019-03-08,SO,24.0,85.0,6.0,30.0,Buena
2019-03-09,CE,26.0,63.0,3.0,32.5,Buena
2019-03-09,NE,30.0,62.0,7.0,37.5,Buena
2019-03-09,NO,29.0,73.0,7.0,36.25,Buena
2019-03-09,SE,36.0,116.0,15.0,45.0,Buena
2019-03-09,SO,23.0,54.0,9.0,28.75,Buena
2019-03-10,CE,22.0,70.0,8.0,27.5,Buena
2019-03-10,NE,28.0,103.0,9.0,35.0,Buena
2019-03-10,NO,30.0,98.0,7.0,37.5,Buena
2019-03-10,SE,28.0,86.0,6.0,35.0,Buena
2019-03-10,SO,16.0,49.0,3.0,20.0,Buena
2019-03-11,CE,21.0,46.0,5.0,26.25,Buena
2019-03-11,NE,22.0,47.0,1.0,27.5,Buena
2019-03-11,NO,23.0,52.0,1.0,28.75,Buena
2019-03-11,SE,22.0,57.0,3.0,27.5,Buena
2019-03-11,SO,16.0,40.0,1.0,20.0,Buena
2019-03-12,CE,47.0,95.0,19.0,59.647,Regular
2019-03-12,NE,62.0,151.0,9.0,81.265,Regular
2019-03-12,NO,54.0,149.0,3.0,69.735,Regular
2019-03-12,SE,59.0,140.0,15.0,76.941,Regular
2019-03-12,SO,34.0,95.0,7.0,42.5,Buena
2019-03-13,CE,54.0,111.0,23.0,69.735,Regular
2019-03-13,NE,70.0,162.0,31.0,92.794,Regular
2019-03-13,NO,61.0,160.0,18.0,79.824,Regular
2019-03-13,SE,57.0,106.0,19.0,74.059,Regular
2019-03-13,SO,34.0,74.0,8.0,42.5,Buena
2019-03-14,CE,58.0,96.0,38.0,75.5,Regular
2019-03-14,NE,79.0,238.0,36.0,102.065,Mala
2019-03-14,NO,73.0,177.0,17.0,97.118,Regular
2019-03-14,SE,63.0,96.0,28.0,82.706,Regular
2019-03-14,SO,45.0,105.0,21.0,56.765,Regular
2019-03-15,CE,62.0,104.0,33.0,81.265,Regular
2019-03-15,NE,71.0,168.0,26.0,94.235,Regular
2019-03-15,NO,69.0,245.0,24.0,91.353,Regular
2019-03-15,SE,66.0,115.0,29.0,87.029,Regular
2019-03-15,SO,52.0,114.0,23.0,66.853,Regular
2019-03-16,CE,51.0,96.0,29.0,65.412,Regular
2019-03-16,NE,59.0,120.0,28.0,76.941,Regular
2019-03-16,NO,55.0,130.0,10.0,71.176,Regular
2019-03-16,SE,56.0,167.0,29.0,72.618,Regular
2019-03-16,SO,43.0,95.0,17.0,53.882,Regular
2019-03-17,CE,51.0,83.0,31.0,65.412,Regular
2019-03-17,NE,58.0,125.0,20.0,75.5,Regular
2019-03-17,NO,44.0,89.0,10.0,55.324,Regular
2019-03-17,SE,58.0,109.0,36.0,75.5,Regular
2019-03-17,SO,43.0,97.0,17.0,53.882,Regular
2019-03-18,CE,39.0,59.0,23.0,48.75,Buena
2019-03-18,NE,47.0,96.0,19.0,59.647,Regular
2019-03-18,NO,41.0,82.0,7.0,51.0,Regular
2019-03-18,SE,43.0,80.0,20.0,53.882,Regular
2019-03-18,SO,32.0,56.0,15.0,40.0,Buena
2019-03-19,CE,41.0,82.0,17.0,51.0,Regular
2019-03-19,NE,56.0,152.0,18.0,72.618,Regular
2019-03-19,NO,50.0,115.0,18.0,63.971,Regular
2019-03-19,SE,42.0,77.0,25.0,52.441,Regular
2019-03-19,SO,32.0,86.0,11.0,40.0,Buena
2019-03-20,CE,53.0,194.0,22.0,68.294,Regular
2019-03-20,NE,62.0,180.0,20.0,81.265,Regular
2019-03-20,NO,52.0,120.0,12.0,66.853,Regular
2019-03-20,SE,49.0,107.0,11.0,62.529,Regular
2019-03-20,SO,30.0,74.0,5.0,37.5,Buena
2019-03-21,CE,47.0,82.0,28.0,59.647,Regular
2019-03-21,NE,50.0,121.0,24.0,63.971,Regular
2019-03-21,NO,48.0,133.0,11.0,61.088,Regular
2019-03-21,SE,46.0,99.0,16.0,58.206,Regular
2019-03-21,SO,37.0,97.0,10.0,46.25,Buena
2019-03-22,CE,41.0,98.0,20.0,51.0,Regular
2019-03-22,NE,52.0,140.0,21.0,66.853,Regular
2019-03-22,NO,46.0,139.0,12.0,58.206,Regular
2019-03-22,SE,42.0,74.0,20.0,52.441,Regular
2019-03-22,SO,28.0,63.0,11.0,35.0,Buena
2019-03-23,CE,40.0,67.0,23.0,50.0,Buena
2019-03-23,NE,51.0,158.0,23.0,65.412,Regular
2019-03-23,NO,44.0,103.0,1.0,55.324,Regular
2019-03-23,SE,43.0,113.0,10.0,53.882,Regular
2019-03-23,SO,25.0,83.0,8.0,31.25,Buena
2019-03-24,CE,39.0,85.0,22.0,48.75,Buena
2019-03-24,NE,46.0,105.0,14.0,58.206,Regular
2019-03-24,NO,41.0,107.0,3.0,51.0,Regular
2019-03-24,SE,44.0,79.0,17.0,55.324,Regular
2019-03-24,SO,32.0,90.0,7.0,40.0,Buena
2019-03-25,CE,37.0,77.0,8.0,46.25,Buena
2019-03-25,NE,56.0,221.0,15.0,72.618,Regular
2019-03-25,NO,44.0,97.0,9.0,55.324,Regular
2019-03-25,SE,51.0,111.0,19.0,65.412,Regular
2019-03-25,SO,30.0,66.0,8.0,37.5,Buena
2019-03-26,CE,38.0,74.0,12.0,47.5,Buena
2019-03-26,NE,51.0,155.0,6.0,65.412,Regular
2019-03-26,NO,50.0,157.0,1.0,63.971,Regular
2019-03-26,SE,47.0,128.0,13.0,59.647,Regular
2019-03-26,SO,32.0,119.0,3.0,40.0,Buena
2019-03-27,CE,41.0,79.0,19.0,51.0,Regular
2019-03-27,NE,49.0,125.0,13.0,62.529,Regular
2019-03-27,NO,47.0,131.0,13.0,59.647,Regular
2019-03-27,SE,39.0,75.0,21.0,48.75,Buena
2019-03-27,SO,33.0,76.0,11.0,41.25,Buena
2019-03-28,CE,42.0,100.0,18.0,52.441,Regular
2019-03-28,NE,52.0,132.0,20.0,66.853,Regular
2019-03-28,NO,49.0,122.0,8.0,62.529,Regular
2019-03-28,SE,39.0,72.0,26.0,48.75,Buena
2019-03-28,SO,34.0,59.0,8.0,42.5,Buena
2019-03-29,CE,61.0,102.0,33.0,79.824,Regular
2019-03-29,NE,76.0,203.0,29.0,101.0,Mala
2019-03-29,NO,61.0,147.0,9.0,79.824,Regular
2019-03-29,SE,68.0,98.0,35.0,89.912,Regular
2019-03-29,SO,43.0,90.0,8.0,53.882,Regular
2019-03-30,CE,66.0,101.0,40.0,87.029,Regular
2019-03-30,NE,85.0,140.0,44.0,104.196,Mala
2019-03-30,NO,72.0,165.0,28.0,95.676,Regular
2019-03-30,SE,73.0,95.0,46.0,97.118,Regular
2019-03-30,SO,55.0,90.0,27.0,71.176,Regular
2019-03-31,CE,60.0,97.0,33.0,78.382,Regular
2019-03-31,NE,72.0,126.0,31.0,95.676,Regular
2019-03-31,NO,64.0,186.0,6.0,84.147,Regular
2019-03-31,SE,64.0,89.0,41.0,84.147,Regular
2019-03-31,SO,49.0,110.0,14.0,62.529,Regular
2019-04-01,CE,61.0,142.0,31.0,79.824,Regular
2019-04-01,NE,90.0,239.0,26.0,105.971,Mala
2019-04-01,NO,78.0,196.0,40.0,101.71,Mala
2019-04-01,SE,56.0,115.0,17.0,72.618,Regular
2019-04-01,SO,50.0,108.0,18.0,63.971,Regular
2019-04-02,CE,58.0,93.0,36.0,75.5,Regular
2019-04-02,NE,73.0,163.0,38.0,97.118,Regular
2019-04-02,NO,57.0,128.0,18.0,74.059,Regular
2019-04-02,SE,57.0,91.0,9.0,74.059,Regular
2019-04-02,SO,35.0,72.0,17.0,43.75,Buena
2019-04-03,CE,47.0,117.0,12.0,59.647,Regular
2019-04-03,NE,76.0,626.0,20.0,101.0,Mala
2019-04-03,NO,53.0,132.0,1.0,68.294,Regular
2019-04-03,SE,53.0,130.0,9.0,68.294,Regular
2019-04-03,SO,28.0,65.0,4.0,35.0,Buena
2019-04-04,CE,54.0,98.0,23.0,69.735,Regular
2019-04-04,NE,66.0,134.0,35.0,87.029,Regular
2019-04-04,NO,58.0,146.0,11.0,75.5,Regular
2019-04-04,SE,82.0,172.0,35.0,103.13,Mala
2019-04-04,SO,39.0,67.0,20.0,48.75,Buena
2019-04-05,CE,63.0,120.0,34.0,82.706,Regular
2019-04-05,NE,72.0,126.0,28.0,95.676,Regular
2019-04-05,NO,65.0,146.0,14.0,85.588,Regular
2019-04-05,SE,72.0,119.0,22.0,95.676,Regular
2019-04-05,SO,56.0,103.0,35.0,72.618,Regular
2019-04-06,CE,22.0,47.0,7.0,27.5,Buena
2019-04-06,NE,24.0,68.0,2.0,30.0,Buena
2019-04-06,NO,22.0,68.0,1.0,27.5,Buena
2019-04-06,SE,24.0,91.0,1.0,30.0,Buena
2019-04-06,SO,14.0,30.0,5.0,17.5,Buena
2019-04-07,CE,38.0,83.0,11.0,47.5,Buena
2019-04-07,NE,48.0,144.0,12.0,61.088,Regular
2019-04-07,NO,45.0,92.0,7.0,56.765,Regular
2019-04-07,SE,39.0,69.0,22.0,48.75,Buena
2019-04-07,SO,35.0,73.0,7.0,43.75,Buena
2019-04-08,CE,26.0,65.0,4.0,32.5,Buena
2019-04-08,NE,30.0,78.0,11.0,37.5,Buena
2019-04-08,NO,32.0,87.0,2.0,40.0,Buena
2019-04-08,SE,28.0,71.0,1.0,35.0,Buena
2019-04-08,SO,27.0,55.0,9.0,33.75,Buena
2019-04-09,CE,33.0,65.0,9.0,41.25,Buena
2019-04-09,NE,48.0,132.0,7.0,61.088,Regular
2019-04-09,NO,50.0,164.0,5.0,63.971,Regular
2019-04-09,SE,36.0,118.0,4.0,45.0,Buena
2019-04-09,SO,26.0,54.0,8.0,32.5,Buena
2019-04-10,CE,25.0,61.0,8.0,31.25,Buena
2019-04-10,NE,30.0,61.0,6.0,37.5,Buena
2019-04-10,NO,31.0,83.0,9.0,38.75,Buena
2019-04-10,SE,26.0,85.0,5.0,32.5,Buena
2019-04-10,SO,23.0,55.0,3.0,28.75,Buena
2019-04-11,CE,40.0,81.0,15.0,50.0,Buena
2019-04-11,NE,44.0,108.0,4.0,55.324,Regular
2019-04-11,NO,36.0,98.0,3.0,45.0,Buena
2019-04-11,SE,42.0,68.0,19.0,52.441,Regular
2019-04-11,SO,32.0,71.0,8.0,40.0,Buena
2019-04-12,CE,50.0,99.0,17.0,63.971,Regular
2019-04-12,NE,71.0,155.0,16.0,94.235,Regular
2019-04-12,NO,54.0,264.0,15.0,69.735,Regular
2019-04-12,SE,60.0,98.0,22.0,78.382,Regular
2019-04-12,SO,35.0,77.0,8.0,43.75,Buena
2019-04-13,CE,45.0,94.0,12.0,56.765,Regular
2019-04-13,NE,59.0,150.0,29.0,76.941,Regular
2019-04-13,NO,48.0,122.0,9.0,61.088,Regular
2019-04-13,SE,88.0,151.0,20.0,105.261,Mala
2019-04-13,SO,38.0,100.0,9.0,47.5,Buena
2019-04-14,CE,79.0,127.0,42.0,102.065,Mala
2019-04-14,NE,83.0,199.0,32.0,103.486,Mala
2019-04-14,NO,74.0,199.0,31.0,98.559,Regular
2019-04-14,SE,102.0,166.0,53.0,110.232,Mala
2019-04-14,SO,68.0,123.0,21.0,89.912,Regular
2019-04-15,CE,73.0,116.0,43.0,97.118,Regular
2019-04-15,NE,85.0,161.0,45.0,104.196,Mala
2019-04-15,NO,82.0,182.0,36.0,103.13,Mala
2019-04-15,SE,89.0,156.0,39.0,105.616,Mala
2019-04-15,SO,69.0,115.0,32.0,91.353,Regular
2019-04-16,CE,67.0,129.0,35.0,88.471,Regular
2019-04-16,NE,84.0,186.0,46.0,103.841,Mala
2019-04-16,NO,78.0,202.0,35.0,101.71,Mala
2019-04-16,SE,80.0,149.0,44.0,102.42,Mala
2019-04-16,SO,57.0,100.0,33.0,74.059,Regular
2019-04-17,CE,63.0,99.0,26.0,82.706,Regular
2019-04-17,NE,85.0,251.0,27.0,104.196,Mala
2019-04-17,NO,68.0,244.0,11.0,89.912,Regular
2019-04-17,SE,84.0,166.0,55.0,103.841,Mala
2019-04-17,SO,46.0,88.0,17.0,58.206,Regular
2019-04-18,CE,48.0,106.0,14.0,61.088,Regular
2019-04-18,NE,64.0,226.0,7.0,84.147,Regular
2019-04-18,NO,51.0,147.0,7.0,65.412,Regular
2019-04-18,SE,81.0,162.0,4.0,102.775,Mala
2019-04-18,SO,38.0,82.0,10.0,47.5,Buena
2019-04-19,CE,45.0,76.0,20.0,56.765,Regular
2019-04-19,NE,43.0,84.0,7.0,53.882,Regular
2019-04-19,NO,41.0,72.0,16.0,51.0,Regular
2019-04-19,SE,56.0,84.0,6.0,72.618,Regular
2019-04-19,SO,48.0,100.0,21.0,61.088,Regular
2019-04-20,CE,39.0,75.0,16.0,48.75,Buena
2019-04-20,NE,46.0,105.0,4.0,58.206,Regular
2019-04-20,NO,40.0,72.0,13.0,50.0,Buena
2019-04-20,SE,63.0,171.0,7.0,82.706,Regular
2019-04-20,SO,44.0,90.0,18.0,55.324,Regular
2019-04-21,CE,51.0,82.0,25.0,65.412,Regular
2019-04-21,NE,60.0,144.0,26.0,78.382,Regular
2019-04-21,NO,48.0,117.0,20.0,61.088,Regular
2019-04-21,SE,72.0,127.0,39.0,95.676,Regular
2019-04-21,SO,39.0,72.0,21.0,48.75,Buena
2019-04-22,CE,61.0,123.0,31.0,79.824,Regular
2019-04-22,NE,75.0,250.0,30.0,100.0,Regular
2019-04-22,NO,62.0,279.0,31.0,81.265,Regular
2019-04-22,SE,87.0,248.0,16.0,104.906,Mala
2019-04-22,SO,48.0,81.0,18.0,61.088,Regular
2019-04-23,CE,67.0,101.0,32.0,88.471,Regular
2019-04-23,NE,82.0,186.0,23.0,103.13,Mala
2019-04-23,NO,72.0,214.0,35.0,95.676,Regular
2019-04-23,SE,75.0,119.0,33.0,100.0,Regular
2019-04-23,SO,50.0,107.0,23.0,63.971,Regular
2019-04-24,CE,69.0,108.0,26.0,91.353,Regular
2019-04-24,NE,74.0,115.0,28.0,98.559,Regular
2019-04-24,NO,69.0,152.0,31.0,91.353,Regular
2019-04-24,SE,82.0,169.0,38.0,103.13,Mala
2019-04-24,SO,54.0,114.0,26.0,69.735,Regular
2019-04-25,CE,69.0,133.0,36.0,91.353,Regular
2019-04-25,NE,82.0,299.0,20.0,103.13,Mala
2019-04-25,NO,78.0,282.0,28.0,101.71,Mala
2019-04-25,SE,85.0,212.0,10.0,104.196,Mala
2019-04-25,SO,53.0,94.0,9.0,68.294,Regular
2019-04-26,CE,62.0,93.0,30.0,81.265,Regular
2019-04-26,NE,64.0,116.0,31.0,84.147,Regular
2019-04-26,NO,69.0,150.0,18.0,91.353,Regular
2019-04-26,SE,82.0,266.0,10.0,103.13,Mala
2019-04-26,SO,57.0,105.0,24.0,74.059,Regular
2019-04-27,CE,64.0,101.0,29.0,84.147,Regular
2019-04-27,NE,74.0,119.0,40.0,98.559,Regular
2019-04-27,NO,70.0,192.0,22.0,92.794,Regular
2019-04-27,SE,86.0,153.0,44.0,104.551,Mala
2019-04-27,SO,58.0,101.0,31.0,75.5,Regular
2019-04-28,CE,64.0,95.0,37.0,84.147,Regular
2019-04-28,NE,62.0,101.0,25.0,81.265,Regular
2019-04-28,NO,67.0,134.0,27.0,88.471,Regular
2019-04-28,SE,82.0,162.0,25.0,103.13,Mala
2019-04-28,SO,53.0,88.0,32.0,68.294,Regular
2019-04-29,CE,63.0,102.0,23.0,82.706,Regular
2019-04-29,NE,68.0,177.0,24.0,89.912,Regular
2019-04-29,NO,70.0,188.0,4.0,92.794,Regular
2019-04-29,SO,58.0,169.0,24.0,75.5,Regular
2019-04-30,CE,48.0,96.0,7.0,61.088,Regular
2019-04-30,NE,48.0,96.0,7.0,61.088,Regular
2019-04-30,NO,52.0,168.0,1.0,66.853,Regular
2019-04-30,SO,38.0,123.0,6.0,47.5,Buena
2019-05-01,CE,76.0,120.0,45.0,101.0,Mala
2019-05-01,NE,85.0,218.0,22.0,104.196,Mala
2019-05-01,NO,67.0,216.0,22.0,88.471,Regular
2019-05-01,SE,75.0,152.0,24.0,100.0,Regular
2019-05-01,SO,51.0,76.0,28.0,65.412,Regular
2019-05-02,CE,66.0,105.0,36.0,87.029,Regular
2019-05-02,NE,82.0,308.0,14.0,103.13,Mala
2019-05-02,NO,64.0,139.0,25.0,84.147,Regular
2019-05-02,SE,79.0,154.0,46.0,102.065,Mala
2019-05-02,SO,40.0,78.0,21.0,50.0,Buena
2019-05-03,CE,46.0,118.0,11.0,58.206,Regular
2019-05-03,NE,60.0,161.0,16.0,78.382,Regular
2019-05-03,NO,43.0,115.0,4.0,53.882,Regular
2019-05-03,SE,59.0,258.0,7.0,76.941,Regular
2019-05-03,SO,26.0,58.0,7.0,32.5,Buena
2019-05-04,CE,56.0,96.0,33.0,72.618,Regular
2019-05-04,NE,68.0,158.0,37.0,89.912,Regular
2019-05-04,NO,58.0,118.0,21.0,75.5,Regular
2019-05-04,SE,67.0,124.0,35.0,88.471,Regular
2019-05-04,SO,45.0,69.0,14.0,56.765,Regular
2019-05-05,CE,53.0,75.0,26.0,68.294,Regular
2019-05-05,NE,62.0,105.0,39.0,81.265,Regular
2019-05-05,NO,60.0,131.0,25.0,78.382,Regular
2019-05-05,SE,63.0,121.0,3.0,82.706,Regular
2019-05-05,SO,50.0,84.0,12.0,63.971,Regular
2019-05-06,CE,18.0,44.0,3.0,22.5,Buena
2019-05-06,NE,26.0,76.0,2.0,32.5,Buena
2019-05-06,NO,34.0,122.0,5.0,42.5,Buena
2019-05-06,SO,16.0,27.0,5.0,20.0,Buena
2019-05-07,CE,42.0,112.0,6.0,52.441,Regular
2019-05-07,NE,56.0,113.0,22.0,72.618,Regular
2019-05-07,NO,44.0,83.0,12.0,55.324,Regular
2019-05-07,SE,39.0,78.0,17.0,48.75,Buena
2019-05-07,SO,38.0,99.0,9.0,47.5,Buena
2019-05-08,CE,23.0,50.0,10.0,28.75,Buena
2019-05-08,NE,34.0,96.0,12.0,42.5,Buena
2019-05-08,NO,27.0,56.0,5.0,33.75,Buena
2019-05-08,SE,19.0,30.0,4.0,23.75,Buena
2019-05-08,SO,21.0,41.0,3.0,26.25,Buena
2019-05-09,CE,30.0,62.0,5.0,37.5,Buena
2019-05-09,NE,38.0,93.0,8.0,47.5,Buena
2019-05-09,NO,37.0,95.0,2.0,46.25,Buena
2019-05-09,SE,34.0,87.0,4.0,42.5,Buena
2019-05-09,SO,31.0,84.0,12.0,38.75,Buena
2019-05-10,CE,27.0,55.0,10.0,33.75,Buena
2019-05-10,NE,33.0,84.0,8.0,41.25,Buena
2019-05-10,NO,34.0,84.0,9.0,42.5,Buena
2019-05-10,SE,27.0,67.0,4.0,33.75,Buena
2019-05-10,SO,25.0,47.0,10.0,31.25,Buena
2019-05-11,CE,40.0,77.0,6.0,50.0,Buena
2019-05-11,NE,51.0,198.0,10.0,65.412,Regular
2019-05-11,NO,36.0,148.0,3.0,45.0,Buena
2019-05-11,SE,37.0,104.0,7.0,46.25,Buena
2019-05-11,SO,25.0,75.0,1.0,31.25,Buena
2019-05-12,CE,60.0,100.0,21.0,78.382,Regular
2019-05-12,NE,81.0,189.0,12.0,102.775,Mala
2019-05-12,NO,58.0,133.0,8.0,75.5,Regular
2019-05-12,SE,74.0,214.0,7.0,98.559,Regular
2019-05-12,SO,37.0,71.0,5.0,46.25,Buena
2019-05-13,CE,105.0,166.0,53.0,111.297,Mala
2019-05-13,NE,117.0,198.0,57.0,115.558,Mala
2019-05-13,NO,92.0,150.0,26.0,106.681,Mala
2019-05-13,SE,139.0,215.0,86.0,123.37,Mala
2019-05-13,SO,93.0,187.0,48.0,107.036,Mala
2019-05-14,CE,98.0,147.0,50.0,108.812,Mala
2019-05-14,NE,120.0,241.0,57.0,116.623,Mala
2019-05-14,NO,85.0,232.0,37.0,104.196,Mala
2019-05-14,SE,107.0,149.0,78.0,112.007,Mala
2019-05-14,SO,72.0,112.0,27.0,95.676,Regular
2019-05-15,CE,100.0,145.0,66.0,109.522,Mala
2019-05-15,NE,98.0,176.0,56.0,108.812,Mala
2019-05-15,NO,87.0,167.0,32.0,104.906,Mala
2019-05-15,SE,99.0,161.0,54.0,109.167,Mala
2019-05-15,SO,81.0,160.0,16.0,102.775,Mala
2019-05-16,CE,92.0,149.0,30.0,106.681,Mala
2019-05-16,NE,89.0,193.0,30.0,105.616,Mala
2019-05-16,NO,80.0,373.0,34.0,102.42,Mala
2019-05-16,SE,97.0,192.0,8.0,108.457,Mala
2019-05-16,SO,80.0,136.0,34.0,102.42,Mala
2019-05-17,CE,50.0,90.0,12.0,63.971,Regular
2019-05-17,NE,58.0,170.0,24.0,75.5,Regular
2019-05-17,NO,57.0,138.0,7.0,74.059,Regular
2019-05-17,SE,45.0,154.0,13.0,56.765,Regular
2019-05-17,SO,46.0,72.0,13.0,58.206,Regular
2019-05-18,CE,46.0,78.0,8.0,58.206,Regular
2019-05-18,NE,67.0,148.0,29.0,88.471,Regular
2019-05-18,NO,50.0,95.0,6.0,63.971,Regular
2019-05-18,SE,53.0,115.0,2.0,68.294,Regular
2019-05-18,SO,38.0,66.0,8.0,47.5,Buena
2019-05-19,CE,43.0,74.0,12.0,53.882,Regular
2019-05-19,NE,51.0,85.0,23.0,65.412,Regular
2019-05-19,NO,50.0,162.0,12.0,63.971,Regular
2019-05-19,SE,49.0,105.0,17.0,62.529,Regular
2019-05-19,SO,39.0,70.0,12.0,48.75,Buena
2019-05-20,CE,48.0,85.0,16.0,61.088,Regular
2019-05-20,NE,58.0,101.0,31.0,75.5,Regular
2019-05-20,NO,56.0,135.0,19.0,72.618,Regular
2019-05-20,SE,57.0,133.0,16.0,74.059,Regular
2019-05-20,SO,49.0,82.0,26.0,62.529,Regular
2019-05-21,CE,62.0,123.0,16.0,81.265,Regular
2019-05-21,NE,72.0,228.0,16.0,95.676,Regular
2019-05-21,NO,66.0,259.0,2.0,87.029,Regular
2019-05-21,SE,88.0,441.0,14.0,105.261,Mala
2019-05-21,SO,52.0,89.0,11.0,66.853,Regular
2019-05-22,CE,46.0,98.0,17.0,58.206,Regular
2019-05-22,NE,58.0,161.0,14.0,75.5,Regular
2019-05-22,NO,55.0,135.0,3.0,71.176,Regular
2019-05-22,SE,46.0,93.0,18.0,58.206,Regular
2019-05-22,SO,36.0,58.0,15.0,45.0,Buena
2019-05-23,CE,53.0,89.0,22.0,68.294,Regular
2019-05-23,NE,73.0,221.0,21.0,97.118,Regular
2019-05-23,NO,64.0,193.0,10.0,84.147,Regular
2019-05-23,SE,66.0,178.0,2.0,87.029,Regular
2019-05-23,SO,53.0,97.0,29.0,68.294,Regular
2019-05-24,CE,49.0,81.0,16.0,62.529,Regular
2019-05-24,NE,55.0,127.0,21.0,71.176,Regular
2019-05-24,NO,56.0,153.0,9.0,72.618,Regular
2019-05-24,SE,49.0,119.0,7.0,62.529,Regular
2019-05-24,SO,48.0,79.0,15.0,61.088,Regular
2019-05-25,CE,51.0,88.0,18.0,65.412,Regular
2019-05-25,NE,54.0,103.0,20.0,69.735,Regular
2019-05-25,NO,51.0,136.0,23.0,65.412,Regular
2019-05-25,SE,56.0,210.0,1.0,72.618,Regular
2019-05-25,SO,41.0,66.0,24.0,51.0,Regular
2019-05-26,CE,37.0,66.0,21.0,46.25,Buena
2019-05-26,NE,38.0,84.0,9.0,47.5,Buena
2019-05-26,NO,38.0,87.0,4.0,47.5,Buena
2019-05-26,SE,40.0,94.0,7.0,50.0,Buena
2019-05-26,SO,31.0,48.0,17.0,38.75,Buena
2019-05-27,CE,44.0,69.0,17.0,55.324,Regular
2019-05-27,NE,53.0,102.0,16.0,68.294,Regular
2019-05-27,NO,52.0,134.0,1.0,66.853,Regular
2019-05-27,SE,47.0,97.0,18.0,59.647,Regular
2019-05-27,SO,43.0,73.0,32.0,53.882,Regular
2019-05-28,CE,55.0,87.0,25.0,71.176,Regular
2019-05-28,NE,68.0,165.0,14.0,89.912,Regular
2019-05-28,NO,62.0,131.0,14.0,81.265,Regular
2019-05-28,SE,70.0,131.0,12.0,92.794,Regular
2019-05-28,SO,52.0,71.0,39.0,66.853,Regular
2019-05-29,CE,54.0,100.0,33.0,69.735,Regular
2019-05-29,NE,72.0,189.0,17.0,95.676,Regular
2019-05-29,NO,61.0,191.0,11.0,79.824,Regular
2019-05-29,SE,58.0,129.0,11.0,75.5,Regular
2019-05-29,SO,53.0,78.0,44.0,68.294,Regular
2019-05-30,CE,54.0,146.0,21.0,69.735,Regular
2019-05-30,NE,74.0,167.0,17.0,98.559,Regular
2019-05-30,NO,65.0,203.0,15.0,85.588,Regular
2019-05-30,SE,54.0,91.0,25.0,69.735,Regular
2019-05-30,SO,48.0,70.0,27.0,61.088,Regular
2019-05-31,CE,39.0,76.0,23.0,48.75,Buena
2019-05-31,NE,42.0,142.0,1.0,52.441,Regular
2019-05-31,NO,43.0,135.0,4.0,53.882,Regular
2019-05-31,SE,43.0,136.0,8.0,53.882,Regular
2019-05-31,SO,36.0,51.0,16.0,45.0,Buena
2020-03-01,CE,30.0,75.0,6.0,37.5,Buena
2020-03-01,NE,55.0,139.0,17.0,71.176,Regular
2020-03-01,NO,42.0,138.0,1.0,52.441,Regular
2020-03-01,SO,24.0,59.0,4.0,30.0,Buena
2020-03-02,CE,34.0,104.0,10.0,42.5,Buena
2020-03-02,NE,43.0,134.0,5.0,53.882,Regular
2020-03-02,NO,37.0,113.0,3.0,46.25,Buena
2020-03-02,SE,36.0,133.0,11.0,45.0,Buena
2020-03-02,SO,18.0,40.0,4.0,22.5,Buena
2020-03-03,CE,38.0,103.0,19.0,47.5,Buena
2020-03-03,NE,48.0,109.0,18.0,61.088,Regular
2020-03-03,NO,51.0,173.0,6.0,65.412,Regular
2020-03-03,SE,41.0,101.0,16.0,51.0,Regular
2020-03-03,SO,26.0,87.0,9.0,32.5,Buena
2020-03-04,CE,36.0,87.0,4.0,45.0,Buena
2020-03-04,NE,42.0,106.0,7.0,52.441,Regular
2020-03-04,NO,42.0,158.0,2.0,52.441,Regular
2020-03-04,SE,43.0,121.0,7.0,53.882,Regular
2020-03-04,SO,31.0,113.0,6.0,38.75,Buena
2020-03-05,CE,29.0,68.0,8.0,36.25,Buena
2020-03-05,NE,37.0,88.0,4.0,46.25,Buena
2020-03-05,NO,30.0,162.0,2.0,37.5,Buena
2020-03-05,SE,34.0,75.0,14.0,42.5,Buena
2020-03-05,SO,24.0,75.0,7.0,30.0,Buena
2020-03-06,CE,18.0,49.0,1.0,22.5,Buena
2020-03-06,NE,22.0,58.0,1.0,27.5,Buena
2020-03-06,NO,19.0,51.0,1.0,23.75,Buena
2020-03-06,SE,16.0,26.0,10.0,20.0,Buena
2020-03-06,SO,16.0,65.0,3.0,20.0,Buena
2020-03-07,CE,29.0,62.0,11.0,36.25,Buena
2020-03-07,NE,53.0,166.0,9.0,68.294,Regular
2020-03-07,NO,41.0,95.0,9.0,51.0,Regular
2020-03-07,SO,29.0,62.0,14.0,36.25,Buena
2020-03-08,CE,23.0,49.0,5.0,28.75,Buena
2020-03-08,NE,29.0,93.0,4.0,36.25,Buena
2020-03-08,NO,24.0,61.0,1.0,30.0,Buena
2020-03-08,SO,19.0,39.0,2.0,23.75,Buena
2020-03-09,CE,31.0,60.0,15.0,38.75,Buena
2020-03-09,NE,36.0,116.0,11.0,45.0,Buena
2020-03-09,NO,36.0,109.0,8.0,45.0,Buena
2020-03-09,SO,24.0,47.0,11.0,30.0,Buena
2020-03-10,CE,25.0,53.0,6.0,31.25,Buena
2020-03-10,NE,28.0,122.0,4.0,35.0,Buena
2020-03-10,NO,27.0,63.0,6.0,33.75,Buena
2020-03-10,SE,26.0,42.0,13.0,32.5,Buena
2020-03-10,SO,24.0,55.0,3.0,30.0,Buena
2020-03-11,CE,28.0,95.0,4.0,35.0,Buena
2020-03-11,NE,35.0,123.0,6.0,43.75,Buena
2020-03-11,NO,27.0,67.0,9.0,33.75,Buena
2020-03-11,SE,31.0,71.0,4.0,38.75,Buena
2020-03-11,SO,22.0,52.0,2.0,27.5,Buena
2020-03-12,CE,35.0,60.0,17.0,43.75,Buena
2020-03-12,NE,57.0,115.0,24.0,74.059,Regular
2020-03-12,NO,42.0,132.0,13.0,52.441,Regular
2020-03-12,SE,28.0,52.0,4.0,35.0,Buena
2020-03-12,SO,15.0,46.0,2.0,18.75,Buena
2020-03-13,CE,43.0,67.0,22.0,53.882,Regular
2020-03-13,NE,66.0,201.0,29.0,87.029,Regular
2020-03-13,NO,54.0,159.0,19.0,69.735,Regular
2020-03-13,SE,59.0,122.0,35.0,76.941,Regular
2020-03-13,SO,38.0,88.0,16.0,47.5,Buena
2020-03-14,CE,39.0,116.0,17.0,48.75,Buena
2020-03-14,NE,69.0,336.0,20.0,91.353,Regular
2020-03-14,NO,62.0,598.0,10.0,81.265,Regular
2020-03-14,SE,56.0,121.0,25.0,72.618,Regular
2020-03-14,SO,45.0,288.0,9.0,56.765,Regular
2020-03-15,CE,33.0,65.0,17.0,41.25,Buena
2020-03-15,NE,41.0,100.0,10.0,51.0,Regular
2020-03-15,NO,42.0,105.0,1.0,52.441,Regular
2020-03-15,SE,48.0,122.0,14.0,61.088,Regular
2020-03-15,SO,33.0,113.0,8.0,41.25,Buena
2020-03-16,CE,32.0,85.0,11.0,40.0,Buena
2020-03-16,NE,40.0,205.0,10.0,50.0,Buena
2020-03-16,NO,42.0,122.0,7.0,52.441,Regular
2020-03-16,SE,41.0,140.0,11.0,51.0,Regular
2020-03-16,SO,31.0,67.0,13.0,38.75,Buena
2020-03-17,CE,36.0,106.0,16.0,45.0,Buena
2020-03-17,NE,38.0,111.0,11.0,47.5,Buena
2020-03-17,NO,41.0,127.0,1.0,51.0,Regular
2020-03-17,SE,46.0,96.0,7.0,58.206,Regular
2020-03-17,SO,29.0,67.0,8.0,36.25,Buena
2020-03-18,CE,41.0,73.0,19.0,51.0,Regular
2020-03-18,NE,54.0,153.0,15.0,69.735,Regular
2020-03-18,NO,49.0,112.0,12.0,62.529,Regular
2020-03-18,SE,54.0,119.0,23.0,69.735,Regular
2020-03-18,SO,39.0,93.0,17.0,48.75,Buena
2020-03-19,CE,40.0,124.0,8.0,50.0,Buena
2020-03-19,NE,49.0,155.0,16.0,62.529,Regular
2020-03-19,NO,50.0,310.0,3.0,63.971,Regular
2020-03-19,SE,55.0,153.0,20.0,71.176,Regular
2020-03-19,SO,29.0,74.0,5.0,36.25,Buena
2020-03-20,CE,40.0,74.0,12.0,50.0,Buena
2020-03-20,NE,51.0,208.0,7.0,65.412,Regular
2020-03-20,NO,45.0,132.0,5.0,56.765,Regular
2020-03-20,SE,51.0,133.0,12.0,65.412,Regular
2020-03-20,SO,33.0,76.0,5.0,41.25,Buena
2020-03-21,CE,38.0,132.0,24.0,47.5,Buena
2020-03-21,NE,38.0,111.0,2.0,47.5,Buena
2020-03-21,NO,45.0,141.0,14.0,56.765,Regular
2020-03-21,SE,48.0,117.0,25.0,61.088,Regular
2020-03-21,SO,37.0,101.0,15.0,46.25,Buena
2020-03-22,CE,32.0,59.0,16.0,40.0,Buena
2020-03-22,NE,41.0,106.0,3.0,51.0,Regular
2020-03-22,NO,37.0,68.0,2.0,46.25,Buena
2020-03-22,SE,42.0,101.0,6.0,52.441,Regular
2020-03-22,SO,31.0,52.0,15.0,38.75,Buena
2020-03-23,CE,39.0,75.0,18.0,48.75,Buena
2020-03-23,NE,53.0,115.0,11.0,68.294,Regular
2020-03-23,NO,45.0,152.0,2.0,56.765,Regular
2020-03-23,SE,57.0,120.0,12.0,74.059,Regular
2020-03-23,SO,30.0,74.0,10.0,37.5,Buena
2020-03-24,CE,41.0,79.0,17.0,51.0,Regular
2020-03-24,NE,59.0,134.0,26.0,76.941,Regular
2020-03-24,NO,47.0,121.0,7.0,59.647,Regular
2020-03-24,SE,61.0,231.0,13.0,79.824,Regular
2020-03-24,SO,32.0,68.0,9.0,40.0,Buena
2020-03-25,CE,42.0,69.0,12.0,52.441,Regular
2020-03-25,NE,72.0,252.0,22.0,95.676,Regular
2020-03-25,NO,54.0,119.0,14.0,69.735,Regular
2020-03-25,SE,65.0,127.0,14.0,85.588,Regular
2020-03-25,SO,37.0,95.0,5.0,46.25,Buena
2020-03-26,CE,48.0,72.0,25.0,61.088,Regular
2020-03-26,NE,78.0,216.0,24.0,101.71,Mala
2020-03-26,NO,59.0,164.0,7.0,76.941,Regular
2020-03-26,SE,62.0,105.0,12.0,81.265,Regular
2020-03-26,SO,50.0,113.0,13.0,63.971,Regular
2020-03-27,CE,46.0,106.0,18.0,58.206,Regular
2020-03-27,NE,89.0,221.0,38.0,105.616,Mala
2020-03-27,NO,62.0,136.0,21.0,81.265,Regular
2020-03-27,SE,68.0,205.0,26.0,89.912,Regular
2020-03-27,SO,37.0,94.0,6.0,46.25,Buena
2020-03-28,CE,53.0,125.0,20.0,68.294,Regular
2020-03-28,NE,74.0,246.0,14.0,98.559,Regular
2020-03-28,NO,67.0,338.0,16.0,88.471,Regular
2020-03-28,SE,68.0,129.0,22.0,89.912,Regular
2020-03-28,SO,42.0,91.0,18.0,52.441,Regular
2020-03-29,CE,62.0,219.0,33.0,81.265,Regular
2020-03-29,NE,74.0,274.0,1.0,98.559,Regular
2020-03-29,NO,68.0,338.0,7.0,89.912,Regular
2020-03-29,SE,72.0,267.0,36.0,95.676,Regular
2020-03-29,SO,51.0,146.0,22.0,65.412,Regular
2020-03-30,CE,60.0,102.0,32.0,78.382,Regular
2020-03-30,NE,65.0,191.0,14.0,85.588,Regular
2020-03-30,NO,62.0,218.0,19.0,81.265,Regular
2020-03-30,SE,69.0,166.0,24.0,91.353,Regular
2020-03-30,SO,50.0,82.0,22.0,63.971,Regular
2020-03-31,CE,58.0,123.0,28.0,75.5,Regular
2020-03-31,NE,71.0,225.0,24.0,94.235,Regular
2020-03-31,NO,73.0,255.0,12.0,97.118,Regular
2020-03-31,SE,75.0,174.0,2.0,100.0,Regular
2020-03-31,SO,50.0,172.0,17.0,63.971,Regular
2020-04-01,CE,56.0,126.0,15.0,72.618,Regular
2020-04-01,NE,66.0,127.0,12.0,87.029,Regular
2020-04-01,NO,52.0,101.0,18.0,66.853,Regular
2020-04-01,SE,62.0,118.0,30.0,81.265,Regular
2020-04-01,SO,47.0,118.0,7.0,59.647,Regular
2020-04-02,CE,22.0,60.0,4.0,27.5,Buena
2020-04-02,NE,30.0,82.0,4.0,37.5,Buena
2020-04-02,NO,30.0,99.0,2.0,37.5,Buena
2020-04-02,SE,21.0,50.0,7.0,26.25,Buena
2020-04-02,SO,12.0,33.0,2.0,15.0,Buena
2020-04-03,CE,36.0,77.0,4.0,45.0,Buena
2020-04-03,NE,44.0,108.0,18.0,55.324,Regular
2020-04-03,NO,52.0,181.0,12.0,66.853,Regular
2020-04-03,SE,43.0,75.0,12.0,53.882,Regular
2020-04-03,SO,27.0,71.0,5.0,33.75,Buena
2020-04-04,CE,32.0,57.0,5.0,40.0,Buena
2020-04-04,NE,37.0,73.0,4.0,46.25,Buena
2020-04-04,NO,43.0,150.0,2.0,53.882,Regular
2020-04-04,SE,38.0,90.0,9.0,47.5,Buena
2020-04-04,SO,25.0,66.0,2.0,31.25,Buena
2020-04-05,CE,31.0,74.0,9.0,38.75,Buena
2020-04-05,NE,45.0,101.0,20.0,56.765,Regular
2020-04-05,NO,34.0,164.0,4.0,42.5,Buena
2020-04-05,SE,48.0,254.0,2.0,61.088,Regular
2020-04-05,SO,26.0,80.0,7.0,32.5,Buena
2020-04-06,CE,30.0,69.0,5.0,37.5,Buena
2020-04-06,NE,32.0,82.0,8.0,40.0,Buena
2020-04-06,NO,28.0,92.0,1.0,35.0,Buena
2020-04-06,SE,28.0,44.0,15.0,35.0,Buena
2020-04-06,SO,21.0,50.0,4.0,26.25,Buena
2020-04-07,CE,27.0,56.0,8.0,33.75,Buena
2020-04-07,NE,34.0,80.0,7.0,42.5,Buena
2020-04-07,NO,35.0,94.0,4.0,43.75,Buena
2020-04-07,SE,29.0,55.0,5.0,36.25,Buena
2020-04-07,SO,27.0,71.0,4.0,33.75,Buena
2020-04-08,CE,28.0,53.0,9.0,35.0,Buena
2020-04-08,NE,25.0,51.0,7.0,31.25,Buena
2020-04-08,NO,31.0,58.0,3.0,38.75,Buena
2020-04-08,SE,33.0,55.0,14.0,41.25,Buena
2020-04-08,SO,23.0,52.0,7.0,28.75,Buena
2020-04-09,CE,14.0,24.0,6.0,17.5,Buena
2020-04-09,NE,23.0,94.0,3.0,28.75,Buena
2020-04-09,NO,24.0,49.0,7.0,30.0,Buena
2020-04-09,SO,14.0,35.0,2.0,17.5,Buena
2020-04-10,CE,24.0,40.0,14.0,30.0,Buena
2020-04-10,NE,29.0,63.0,3.0,36.25,Buena
2020-04-10,NO,27.0,67.0,8.0,33.75,Buena
2020-04-10,SE,28.0,42.0,15.0,35.0,Buena
2020-04-10,SO,25.0,49.0,8.0,31.25,Buena
2020-04-11,CE,45.0,87.0,17.0,56.765,Regular
2020-04-11,NE,49.0,187.0,6.0,62.529,Regular
2020-04-11,NO,36.0,73.0,5.0,45.0,Buena
2020-04-11,SE,48.0,91.0,10.0,61.088,Regular
2020-04-11,SO,32.0,65.0,4.0,40.0,Buena
2020-04-12,CE,34.0,73.0,15.0,42.5,Buena
2020-04-12,NE,56.0,144.0,19.0,72.618,Regular
2020-04-12,NO,49.0,133.0,15.0,62.529,Regular
2020-04-12,SE,35.0,86.0,6.0,43.75,Buena
2020-04-12,SO,18.0,51.0,3.0,22.5,Buena
2020-04-13,CE,45.0,77.0,21.0,56.765,Regular
2020-04-13,NE,61.0,160.0,14.0,79.824,Regular
2020-04-13,NO,51.0,142.0,17.0,65.412,Regular
2020-04-13,SE,55.0,97.0,1.0,71.176,Regular
2020-04-13,SO,30.0,73.0,11.0,37.5,Buena
2020-04-14,CE,52.0,100.0,18.0,66.853,Regular
2020-04-14,NE,66.0,109.0,29.0,87.029,Regular
2020-04-14,NO,61.0,190.0,20.0,79.824,Regular
2020-04-14,SE,58.0,119.0,33.0,75.5,Regular
2020-04-14,SO,45.0,105.0,18.0,56.765,Regular
2020-04-15,CE,57.0,92.0,11.0,74.059,Regular
2020-04-15,NE,66.0,113.0,12.0,87.029,Regular
2020-04-15,NO,65.0,259.0,10.0,85.588,Regular
2020-04-15,SE,63.0,129.0,14.0,82.706,Regular
2020-04-15,SO,46.0,90.0,10.0,58.206,Regular
2020-04-16,CE,54.0,103.0,25.0,69.735,Regular
2020-04-16,NE,62.0,356.0,15.0,81.265,Regular
2020-04-16,NO,64.0,182.0,21.0,84.147,Regular
2020-04-16,SE,57.0,99.0,27.0,74.059,Regular
2020-04-16,SO,51.0,122.0,19.0,65.412,Regular
2020-04-17,CE,53.0,87.0,28.0,68.294,Regular
2020-04-17,NE,52.0,131.0,10.0,66.853,Regular
2020-04-17,NO,55.0,199.0,3.0,71.176,Regular
2020-04-17,SE,63.0,124.0,13.0,82.706,Regular
2020-04-17,SO,49.0,109.0,18.0,62.529,Regular
2020-04-18,CE,54.0,86.0,33.0,69.735,Regular
2020-04-18,NE,59.0,113.0,17.0,76.941,Regular
2020-04-18,NO,52.0,105.0,13.0,66.853,Regular
2020-04-18,SE,58.0,167.0,18.0,75.5,Regular
2020-04-18,SO,48.0,91.0,27.0,61.088,Regular
2020-04-19,CE,57.0,84.0,31.0,74.059,Regular
2020-04-19,NE,65.0,113.0,26.0,85.588,Regular
2020-04-19,NO,53.0,121.0,1.0,68.294,Regular
2020-04-19,SE,64.0,156.0,11.0,84.147,Regular
2020-04-19,SO,50.0,88.0,31.0,63.971,Regular
2020-04-20,CE,59.0,202.0,28.0,76.941,Regular
2020-04-20,NE,62.0,192.0,1.0,81.265,Regular
2020-04-20,NO,54.0,245.0,5.0,69.735,Regular
2020-04-20,SE,87.0,519.0,8.0,104.906,Mala
2020-04-20,SO,52.0,192.0,19.0,66.853,Regular
2020-04-21,CE,62.0,134.0,15.0,81.265,Regular
2020-04-21,NE,57.0,148.0,5.0,74.059,Regular
2020-04-21,NO,63.0,250.0,13.0,82.706,Regular
2020-04-21,SE,69.0,144.0,1.0,91.353,Regular
2020-04-21,SO,46.0,106.0,6.0,58.206,Regular
2020-04-22,CE,37.0,71.0,3.0,46.25,Buena
2020-04-22,NE,49.0,114.0,8.0,62.529,Regular
2020-04-22,NO,39.0,170.0,1.0,48.75,Buena
2020-04-22,SE,46.0,149.0,5.0,58.206,Regular
2020-04-22,SO,33.0,79.0,4.0,41.25,Buena
2020-04-23,CE,35.0,70.0,8.0,43.75,Buena
2020-04-23,NE,53.0,166.0,7.0,68.294,Regular
2020-04-23,NO,40.0,193.0,2.0,50.0,Buena
2020-04-23,SE,45.0,97.0,8.0,56.765,Regular
2020-04-23,SO,30.0,61.0,12.0,37.5,Buena
2020-04-24,CE,43.0,75.0,19.0,53.882,Regular
2020-04-24,NE,58.0,113.0,2.0,75.5,Regular
2020-04-24,NO,51.0,161.0,2.0,65.412,Regular
2020-04-24,SE,53.0,106.0,9.0,68.294,Regular
2020-04-24,SO,38.0,93.0,18.0,47.5,Buena
2020-04-25,CE,40.0,74.0,16.0,50.0,Buena
2020-04-25,NE,55.0,160.0,3.0,71.176,Regular
2020-04-25,NO,44.0,155.0,7.0,55.324,Regular
2020-04-25,SE,51.0,131.0,2.0,65.412,Regular
2020-04-25,SO,39.0,110.0,16.0,48.75,Buena
2020-04-26,CE,26.0,44.0,9.0,32.5,Buena
2020-04-26,NE,29.0,73.0,2.0,36.25,Buena
2020-04-26,NO,27.0,63.0,1.0,33.75,Buena
2020-04-26,SE,38.0,173.0,11.0,47.5,Buena
2020-04-26,SO,30.0,53.0,5.0,37.5,Buena
2020-04-27,CE,25.0,55.0,8.0,31.25,Buena
2020-04-27,NE,34.0,130.0,2.0,42.5,Buena
2020-04-27,NO,28.0,123.0,2.0,35.0,Buena
2020-04-27,SE,30.0,44.0,14.0,37.5,Buena
2020-04-27,SO,23.0,57.0,6.0,28.75,Buena
2020-04-28,CE,33.0,70.0,11.0,41.25,Buena
2020-04-28,NE,48.0,141.0,1.0,61.088,Regular
2020-04-28,NO,42.0,262.0,10.0,52.441,Regular
2020-04-28,SE,51.0,185.0,6.0,65.412,Regular
2020-04-28,SO,30.0,95.0,4.0,37.5,Buena
2020-04-29,CE,38.0,117.0,19.0,47.5,Buena
2020-04-29,NE,86.0,615.0,9.0,104.551,Mala
2020-04-29,NO,51.0,452.0,10.0,65.412,Regular
2020-04-29,SE,57.0,271.0,15.0,74.059,Regular
2020-04-29,SO,28.0,116.0,1.0,35.0,Buena
2020-04-30,CE,25.0,61.0,3.0,31.25,Buena
2020-04-30,NE,39.0,235.0,5.0,48.75,Buena
2020-04-30,NO,27.0,133.0,1.0,33.75,Buena
2020-04-30,SE,34.0,291.0,7.0,42.5,Buena
2020-04-30,SO,26.0,152.0,5.0,32.5,Buena
2020-05-01,CE,40.0,90.0,20.0,50.0,Buena
2020-05-01,NE,59.0,154.0,8.0,76.941,Regular
2020-05-01,NO,37.0,99.0,5.0,46.25,Buena
2020-05-01,SE,53.0,169.0,7.0,68.294,Regular
2020-05-01,SO,30.0,79.0,7.0,37.5,Buena
2020-05-02,CE,15.0,31.0,2.0,18.75,Buena
2020-05-02,NE,31.0,114.0,4.0,38.75,Buena
2020-05-02,NO,22.0,85.0,3.0,27.5,Buena
2020-05-02,SE,14.0,39.0,2.0,17.5,Buena
2020-05-02,SO,17.0,38.0,2.0,21.25,Buena
2020-05-03,CE,58.0,136.0,32.0,75.5,Regular
2020-05-03,NE,66.0,150.0,34.0,87.029,Regular
2020-05-03,NO,73.0,175.0,32.0,97.118,Regular
2020-05-03,SE,71.0,150.0,37.0,94.235,Regular
2020-05-03,SO,50.0,123.0,15.0,63.971,Regular
2020-05-04,CE,31.0,47.0,13.0,38.75,Buena
2020-05-04,NE,33.0,55.0,2.0,41.25,Buena
2020-05-04,NO,35.0,106.0,1.0,43.75,Buena
2020-05-04,SE,32.0,90.0,8.0,40.0,Buena
2020-05-04,SO,30.0,56.0,10.0,37.5,Buena
2020-05-05,CE,34.0,75.0,5.0,42.5,Buena
2020-05-05,NE,44.0,161.0,4.0,55.324,Regular
2020-05-05,NO,46.0,245.0,3.0,58.206,Regular
2020-05-05,SE,42.0,106.0,11.0,52.441,Regular
2020-05-05,SO,28.0,62.0,5.0,35.0,Buena
2020-05-06,CE,26.0,61.0,8.0,32.5,Buena
2020-05-06,NE,39.0,172.0,8.0,48.75,Buena
2020-05-06,NO,29.0,80.0,1.0,36.25,Buena
2020-05-06,SE,28.0,39.0,17.0,35.0,Buena
2020-05-06,SO,23.0,44.0,4.0,28.75,Buena
2020-05-07,CE,25.0,85.0,3.0,31.25,Buena
2020-05-07,NE,40.0,94.0,10.0,50.0,Buena
2020-05-07,NO,29.0,93.0,2.0,36.25,Buena
2020-05-07,SE,25.0,57.0,9.0,31.25,Buena
2020-05-07,SO,19.0,55.0,2.0,23.75,Buena
2020-05-08,CE,20.0,38.0,6.0,25.0,Buena
2020-05-08,NE,25.0,105.0,1.0,31.25,Buena
2020-05-08,NO,28.0,56.0,10.0,35.0,Buena
2020-05-08,SE,24.0,32.0,13.0,30.0,Buena
2020-05-08,SO,20.0,47.0,7.0,25.0,Buena
2020-05-09,CE,16.0,28.0,3.0,20.0,Buena
2020-05-09,NE,19.0,60.0,1.0,23.75,Buena
2020-05-09,NO,18.0,40.0,3.0,22.5,Buena
2020-05-09,SE,20.0,33.0,13.0,25.0,Buena
2020-05-09,SO,11.0,25.0,2.0,13.75,Buena
2020-05-10,CE,37.0,68.0,17.0,46.25,Buena
2020-05-10,NE,43.0,154.0,11.0,53.882,Regular
2020-05-10,NO,37.0,120.0,10.0,46.25,Buena
2020-05-10,SE,41.0,69.0,18.0,51.0,Regular
2020-05-10,SO,28.0,65.0,7.0,35.0,Buena
2020-05-11,CE,48.0,88.0,23.0,61.088,Regular
2020-05-11,NE,53.0,141.0,14.0,68.294,Regular
2020-05-11,NO,40.0,113.0,13.0,50.0,Buena
2020-05-11,SE,56.0,112.0,17.0,72.618,Regular
2020-05-11,SO,36.0,82.0,3.0,45.0,Buena
2020-05-12,CE,30.0,59.0,12.0,37.5,Buena
2020-05-12,NE,47.0,103.0,7.0,59.647,Regular
2020-05-12,NO,46.0,122.0,16.0,58.206,Regular
2020-05-12,SE,30.0,65.0,8.0,37.5,Buena
2020-05-12,SO,15.0,32.0,2.0,18.75,Buena
2020-05-13,CE,37.0,63.0,20.0,46.25,Buena
2020-05-13,NE,58.0,120.0,25.0,75.5,Regular
2020-05-13,NO,43.0,89.0,3.0,53.882,Regular
2020-05-13,SE,47.0,81.0,22.0,59.647,Regular
2020-05-13,SO,34.0,73.0,19.0,42.5,Buena
2020-05-14,CE,45.0,86.0,26.0,56.765,Regular
2020-05-14,NE,60.0,94.0,22.0,78.382,Regular
2020-05-14,NO,45.0,96.0,7.0,56.765,Regular
2020-05-14,SE,58.0,89.0,30.0,75.5,Regular
2020-05-14,SO,42.0,73.0,20.0,52.441,Regular
2020-05-15,CE,41.0,67.0,17.0,51.0,Regular
2020-05-15,NE,57.0,103.0,22.0,74.059,Regular
2020-05-15,NO,42.0,104.0,2.0,52.441,Regular
2020-05-15,SE,50.0,72.0,34.0,63.971,Regular
2020-05-15,SO,41.0,85.0,12.0,51.0,Regular
2020-05-16,CE,30.0,60.0,13.0,37.5,Buena
2020-05-16,NE,58.0,121.0,19.0,75.5,Regular
2020-05-16,NO,37.0,107.0,9.0,46.25,Buena
2020-05-16,SE,42.0,74.0,16.0,52.441,Regular
2020-05-16,SO,27.0,55.0,11.0,33.75,Buena
2020-05-17,CE,39.0,213.0,13.0,48.75,Buena
2020-05-17,NE,66.0,468.0,11.0,87.029,Regular
2020-05-17,NO,41.0,139.0,9.0,51.0,Regular
2020-05-17,SE,45.0,76.0,22.0,56.765,Regular
2020-05-17,SO,31.0,79.0,3.0,38.75,Buena
2020-05-18,CE,38.0,90.0,5.0,47.5,Buena
2020-05-18,NE,49.0,179.0,14.0,62.529,Regular
2020-05-18,NO,40.0,106.0,4.0,50.0,Buena
2020-05-18,SE,47.0,77.0,22.0,59.647,Regular
2020-05-18,SO,37.0,59.0,17.0,46.25,Buena
2020-05-19,CE,34.0,60.0,13.0,42.5,Buena
2020-05-19,NE,53.0,122.0,1.0,68.294,Regular
2020-05-19,NO,37.0,101.0,1.0,46.25,Buena
2020-05-19,SE,47.0,83.0,5.0,59.647,Regular
2020-05-19,SO,27.0,74.0,8.0,33.75,Buena
2020-05-20,CE,56.0,103.0,28.0,72.618,Regular
2020-05-20,NE,76.0,170.0,36.0,101.0,Mala
2020-05-20,NO,57.0,125.0,24.0,74.059,Regular
2020-05-20,SE,74.0,105.0,46.0,98.559,Regular
2020-05-20,SO,55.0,89.0,30.0,71.176,Regular
2020-05-21,CE,66.0,103.0,38.0,87.029,Regular
2020-05-21,NE,67.0,113.0,15.0,88.471,Regular
2020-05-21,NO,63.0,135.0,17.0,82.706,Regular
2020-05-21,SE,84.0,115.0,54.0,103.841,Mala
2020-05-21,SO,60.0,99.0,25.0,78.382,Regular
2020-05-22,CE,51.0,90.0,24.0,65.412,Regular
2020-05-22,NE,56.0,122.0,9.0,72.618,Regular
2020-05-22,NO,42.0,153.0,4.0,52.441,Regular
2020-05-22,SE,74.0,108.0,43.0,98.559,Regular
2020-05-22,SO,39.0,71.0,16.0,48.75,Buena
2020-05-23,CE,42.0,73.0,25.0,52.441,Regular
2020-05-23,NE,54.0,103.0,10.0,69.735,Regular
2020-05-23,NO,43.0,113.0,6.0,53.882,Regular
2020-05-23,SE,56.0,96.0,30.0,72.618,Regular
2020-05-23,SO,35.0,77.0,17.0,43.75,Buena
2020-05-24,CE,39.0,72.0,22.0,48.75,Buena
2020-05-24,NE,50.0,106.0,8.0,63.971,Regular
2020-05-24,NO,37.0,101.0,8.0,46.25,Buena
2020-05-24,SE,41.0,61.0,29.0,51.0,Regular
2020-05-24,SO,31.0,51.0,16.0,38.75,Buena
2020-05-25,CE,35.0,64.0,18.0,43.75,Buena
2020-05-25,NE,51.0,143.0,10.0,65.412,Regular
2020-05-25,NO,39.0,145.0,8.0,48.75,Buena
2020-05-25,SE,37.0,68.0,22.0,46.25,Buena
2020-05-25,SO,31.0,135.0,1.0,38.75,Buena
2020-05-26,CE,47.0,89.0,22.0,59.647,Regular
2020-05-26,NE,71.0,425.0,23.0,94.235,Regular
2020-05-26,NO,62.0,387.0,18.0,81.265,Regular
2020-05-26,SE,55.0,83.0,34.0,71.176,Regular
2020-05-26,SO,40.0,76.0,14.0,50.0,Buena
2020-05-27,CE,63.0,123.0,29.0,82.706,Regular
2020-05-27,NE,71.0,181.0,8.0,94.235,Regular
2020-05-27,NO,62.0,207.0,1.0,81.265,Regular
2020-05-27,SE,65.0,92.0,41.0,85.588,Regular
2020-05-27,SO,59.0,121.0,26.0,76.941,Regular
2020-05-28,CE,49.0,120.0,13.0,62.529,Regular
2020-05-28,NE,55.0,168.0,3.0,71.176,Regular
2020-05-28,NO,45.0,181.0,3.0,56.765,Regular
2020-05-28,SE,55.0,124.0,14.0,71.176,Regular
2020-05-28,SO,42.0,110.0,5.0,52.441,Regular
2020-05-29,CE,30.0,70.0,7.0,37.5,Buena
2020-05-29,NE,33.0,70.0,6.0,41.25,Buena
2020-05-29,NO,32.0,111.0,4.0,40.0,Buena
2020-05-29,SE,31.0,88.0,11.0,38.75,Buena
2020-05-29,SO,26.0,71.0,3.0,32.5,Buena
2020-05-30,CE,23.0,53.0,7.0,28.75,Buena
2020-05-30,NE,23.0,53.0,5.0,28.75,Buena
2020-05-30,NO,28.0,88.0,3.0,35.0,Buena
2020-05-30,SE,20.0,34.0,10.0,25.0,Buena
2020-05-30,SO,21.0,57.0,4.0,26.25,Buena
2020-05-31,CE,23.0,56.0,6.0,28.75,Buena
2020-05-31,NE,26.0,103.0,5.0,32.5,Buena
2020-05-31,NO,29.0,165.0,7.0,36.25,Buena
2020-05-31,SE,19.0,37.0,8.0,23.75,Buena
2020-05-31,SO,24.0,58.0,8.0,30.0,Buena
